文件名,维度,大小(B),路径
AML CTF Rules Issued by CMA.pdf,合规知识维,470880,合规知识维\AML CTF Rules Issued by CMA.pdf
Amazon_SA_VAT_Guide.pdf,合规知识维,6046180,合规知识维\Amazon_SA_VAT_Guide.pdf
Anti-Money Laundering Law.pdf,合规知识维,337822,合规知识维\Anti-Money Laundering Law.pdf
BLK_PDPL_Compliance_2024.pdf,合规知识维,499453,合规知识维\BLK_PDPL_Compliance_2024.pdf
CN_GS_FBA_1.4_Guidance_EN.pdf,合规知识维,5483878,合规知识维\CN_GS_FBA_1.4_Guidance_EN.pdf
Cloud_Computing_Ecommerce_Saudi.pdf,合规知识维,443630,合规知识维\Cloud_Computing_Ecommerce_Saudi.pdf
Combating Terrorism and Financing of Terrorism Law.pdf,合规知识维,538765,合规知识维\Combating Terrorism and Financing of Terrorism Law.pdf
Cross-Border_Ecommerce_Saudi_2023.pdf,合规知识维,3491547,合规知识维\Cross-Border_Ecommerce_Saudi_2023.pdf
E-COMMERCE CONSUMER DATA PROTECTION IN SAUDI ARABIA.pdf,合规知识维,452884,合规知识维\E-COMMERCE CONSUMER DATA PROTECTION IN SAUDI ARABIA.pdf
E-invoicing-Detailed-Technical-Guideline.pdf,合规知识维,3986582,合规知识维\E-invoicing-Detailed-Technical-Guideline.pdf
Exporting-Goods-Guide-.pdf,合规知识维,1579724,合规知识维\Exporting-Goods-Guide-.pdf
Getting_started_with_Amazon_Global_Logistics_guide.pdf,合规知识维,2155504,合规知识维\Getting_started_with_Amazon_Global_Logistics_guide.pdf
Global Selling Seller Terms of Service for TikTok Shop (1).pdf,合规知识维,716875,合规知识维\Global Selling Seller Terms of Service for TikTok Shop (1).pdf
Global Selling Seller Terms of Service for TikTok Shop.pdf,合规知识维,716875,合规知识维\Global Selling Seller Terms of Service for TikTok Shop.pdf
GuidanceRequirementsCosmeticProductNotification_compressed.pdf,合规知识维,1771586,合规知识维\GuidanceRequirementsCosmeticProductNotification_compressed.pdf
HowtostartsellingonAmazonSA-May2022-NQrd2c3r7AlA4SJa.pdf,合规知识维,6046180,合规知识维\HowtostartsellingonAmazonSA-May2022-NQrd2c3r7AlA4SJa.pdf
Impact_Ecommerce_Traditional_Business_Saudi.pdf,合规知识维,444851,合规知识维\Impact_Ecommerce_Traditional_Business_Saudi.pdf
Implementing Regulation of Cosmetic Products Law 1_0.pdf,合规知识维,618970,合规知识维\Implementing Regulation of Cosmetic Products Law 1_0.pdf
Implmenting Regulations of the VAT Law_EN.pdf,合规知识维,4460360,合规知识维\Implmenting Regulations of the VAT Law_EN.pdf
Influencers License in Saudi Arabia Regulation or Censorship.docx,合规知识维,15319,合规知识维\Influencers License in Saudi Arabia Regulation or Censorship.docx
Investor-Manual-English.pdf,合规知识维,7566323,合规知识维\Investor-Manual-English.pdf
KPMG_Doing_Business_saudi_2024.pdf,合规知识维,5218694,合规知识维\KPMG_Doing_Business_saudi_2024.pdf
KSA_New_Zakat_Regulations_2024.pdf,合规知识维,519716,合规知识维\KSA_New_Zakat_Regulations_2024.pdf
Key_Legal_Aspects_Ecommerce_KSA.pdf,合规知识维,202981,合规知识维\Key_Legal_Aspects_Ecommerce_KSA.pdf
"Kingdom of Saudi Arabia’s New Personal Data Protection Law and Implementing Regulations—Key Obligations, Responsibilities and Rights.docx",合规知识维,18792,"合规知识维\Kingdom of Saudi Arabia’s New Personal Data Protection Law and Implementing Regulations—Key Obligations, Responsibilities and Rights.docx"
Law-of-Audiovisual-Media.pdf,合规知识维,1252898,合规知识维\Law-of-Audiovisual-Media.pdf
Leather-products.pdf,合规知识维,2301600,合规知识维\Leather-products.pdf
Legal_Aspects_Ecommerce_KSA.pdf,合规知识维,202981,合规知识维\Legal_Aspects_Ecommerce_KSA.pdf
Legal_Protection_for_the_Consumer_in_E-Commerce_Ac.pdf,合规知识维,308304,合规知识维\Legal_Protection_for_the_Consumer_in_E-Commerce_Ac.pdf
MISA_E-Commerce_Law_2024.pdf,合规知识维,164602,合规知识维\MISA_E-Commerce_Law_2024.pdf
Mandate_Template_Single_0.docx,合规知识维,40070,合规知识维\Mandate_Template_Single_0.docx
PDPL_Full_Law_2024.pdf,合规知识维,2894624,合规知识维\PDPL_Full_Law_2024.pdf
PWC_Doing_Business_Saudi_Arabia_2025.pdf,合规知识维,1338142,合规知识维\PWC_Doing_Business_Saudi_Arabia_2025.pdf
Paper+2+(2026.8.3)+Trademark+Protection+Systems.pdf,合规知识维,463652,合规知识维\Paper+2+(2026.8.3)+Trademark+Protection+Systems.pdf
PwC_PDPL_Series_Part1.pdf,合规知识维,2608039,合规知识维\PwC_PDPL_Series_Part1.pdf
PwC_ZATCA_Customs_Procedures_2024.pdf,合规知识维,1252676,合规知识维\PwC_ZATCA_Customs_Procedures_2024.pdf
PwC_ZATCA_EInvoicing_2023.pdf,合规知识维,1253870,合规知识维\PwC_ZATCA_EInvoicing_2023.pdf
RLC_approved_route_V8.pdf,合规知识维,1432211,合规知识维\RLC_approved_route_V8.pdf
SAMA-Cyber-Security-Framework.pdf,合规知识维,168689,合规知识维\SAMA-Cyber-Security-Framework.pdf
SAMA_EN_2217_VER1.pdf,合规知识维,1927807,合规知识维\SAMA_EN_2217_VER1.pdf
SAMA_EN_8732_VER1.pdf,合规知识维,252594,合规知识维\SAMA_EN_8732_VER1.pdf
SASO-PCoC---SCoC--SABER-Brochure.pdf.pdf,合规知识维,9702577,合规知识维\SASO-PCoC---SCoC--SABER-Brochure.pdf.pdf
SASO_Standards_Update_2024.pdf,合规知识维,149276,合规知识维\SASO_Standards_Update_2024.pdf
Saudi Arabia.docx,合规知识维,41837,合规知识维\Saudi Arabia.docx
Saudi-Arabia-SABER-Program-Service-Terms-b.pdf,合规知识维,144596,合规知识维\Saudi-Arabia-SABER-Program-Service-Terms-b.pdf
Saudi_Arabia_Standards_Quality_Law_2024.pdf,合规知识维,887881,合规知识维\Saudi_Arabia_Standards_Quality_Law_2024.pdf
Saudis Anti-Concealment Law Article.pdf,合规知识维,286226,合规知识维\Saudis Anti-Concealment Law Article.pdf
Standards_Quality_Law_KSA_2024.pdf,合规知识维,887881,合规知识维\Standards_Quality_Law_KSA_2024.pdf
TR - Personal Protective Equipment and Clothing.pdf,合规知识维,3584250,合规知识维\TR - Personal Protective Equipment and Clothing.pdf
TR-Footwear-and-thier-Accessories.pdf,合规知识维,2045868,合规知识维\TR-Footwear-and-thier-Accessories.pdf
TR-Personal-Protective-Equipment-and-Clothing.pdf,合规知识维,2994800,合规知识维\TR-Personal-Protective-Equipment-and-Clothing.pdf
TR-Textile-Products.pdf,合规知识维,911589,合规知识维\TR-Textile-Products.pdf
TR-ornaments-and-accessories.pdf,合规知识维,2268590,合规知识维\TR-ornaments-and-accessories.pdf
Technical-Regulation-Guide-for-Textile-Products-Second-Edition.pdf,合规知识维,2047097,合规知识维\Technical-Regulation-Guide-for-Textile-Products-Second-Edition.pdf
TikTok_Ads_Manager_User_Guide.pdf,合规知识维,50291167,合规知识维\TikTok_Ads_Manager_User_Guide.pdf
Ultimate Guide To Selling Products Online - eBook.pdf,合规知识维,2794410,合规知识维\Ultimate Guide To Selling Products Online - eBook.pdf
UserGuideForShipmentRequest-En.pdf,合规知识维,2419277,合规知识维\UserGuideForShipmentRequest-En.pdf
VaT_2020_2_6.pdf,合规知识维,290392,合规知识维\VaT_2020_2_6.pdf
WTO_World_Trade_Report_2024.pdf,合规知识维,2492575,合规知识维\WTO_World_Trade_Report_2024.pdf
Zatca-E-invoicing-Phase-II-Guidelines-pdf.pdf,合规知识维,319427,合规知识维\Zatca-E-invoicing-Phase-II-Guidelines-pdf.pdf
bdeda208-4f62-4d5f-a46c-e61c78d1acd2.pdf,合规知识维,10230243,合规知识维\bdeda208-4f62-4d5f-a46c-e61c78d1acd2.pdf
customs-alert-saber-platform-import-compliance.pdf,合规知识维,129878,合规知识维\customs-alert-saber-platform-import-compliance.pdf
cws_12_23_rev-main1.docx,合规知识维,72256,合规知识维\cws_12_23_rev-main1.docx
hscodes-1-2026.pdf,合规知识维,2041128,合规知识维\hscodes-1-2026.pdf
ksa-personal-data-protection-law-series-part-1.pdf,合规知识维,2608039,合规知识维\ksa-personal-data-protection-law-series-part-1.pdf
ksa-personal-data-protection-law-series-part-3.pdf,合规知识维,2480966,合规知识维\ksa-personal-data-protection-law-series-part-3.pdf
new-anti-concealment-law-saudi-arabia.pdf,合规知识维,303966,合规知识维\new-anti-concealment-law-saudi-arabia.pdf
oci-sama-csfa.pdf,合规知识维,891900,合规知识维\oci-sama-csfa.pdf
overview-trade-investment-middle-east-countries-apr2025.pdf,合规知识维,8947654,合规知识维\overview-trade-investment-middle-east-countries-apr2025.pdf
recall_GL_FINAL.pdf,合规知识维,1602287,合规知识维\recall_GL_FINAL.pdf
s-ge20184-c7-saudi-arabien-saber.pdf,合规知识维,233417,合规知识维\s-ge20184-c7-saudi-arabien-saber.pdf
saudi-exclusive-commercial-agency-agreement.pdf,合规知识维,194601,合规知识维\saudi-exclusive-commercial-agency-agreement.pdf
tax-alert-zatca-releases-offical-e-invoicing-guidelines-updated.pdf,合规知识维,346429,合规知识维\tax-alert-zatca-releases-offical-e-invoicing-guidelines-updated.pdf
tuv-sud-SASO.pdf,合规知识维,2602901,合规知识维\tuv-sud-SASO.pdf
voc-saudi-textile-whitepaper-final.pdf,合规知识维,1595167,合规知识维\voc-saudi-textile-whitepaper-final.pdf
workingtowardsregionalintegrationwebpdf.pdf,合规知识维,1665129,合规知识维\workingtowardsregionalintegrationwebpdf.pdf
沙特阿拉伯纺织品服装合格评定技术指标比对研究_林春贵.pdf,合规知识维,754048,合规知识维\沙特阿拉伯纺织品服装合格评定技术指标比对研究_林春贵.pdf
纺织品如何合规出口沙特市场？_王素.pdf,合规知识维,1447002,合规知识维\纺织品如何合规出口沙特市场？_王素.pdf
面向中国中小服饰卖家的沙特出海智能助手——基于规则增强知识库的合规、选品与营销原型.pdf,合规知识维,481524,合规知识维\面向中国中小服饰卖家的沙特出海智能助手——基于规则增强知识库的合规、选品与营销原型.pdf
2019-07-24_17_12_22_gmb_chapter_sau.pdf,市场偏好维,29267,市场偏好维\2019-07-24_17_12_22_gmb_chapter_sau.pdf
2019_complete_file_e.pdf,市场偏好维,3745145,市场偏好维\2019_complete_file_e.pdf
2023_AMZ_MENA_Report.pdf,市场偏好维,26686047,市场偏好维\2023_AMZ_MENA_Report.pdf
2023_Saudi_State_of_Fashion_Report.pdf,市场偏好维,8762486,市场偏好维\2023_Saudi_State_of_Fashion_Report.pdf
2024_Saudi_State_of_Fashion_Report.pdf,市场偏好维,12383298,市场偏好维\2024_Saudi_State_of_Fashion_Report.pdf
2024头豹行业词条报告.pdf,市场偏好维,5347614,市场偏好维\2024头豹行业词条报告.pdf
20250724-Sheline and Ulrichsen-Vision 2030-Research Paper_0.pdf,市场偏好维,3150108,市场偏好维\20250724-Sheline and Ulrichsen-Vision 2030-Research Paper_0.pdf
26-IJFAES-Vol.-3-No.8-Aug-2024-paper25-Mr.M.gobasy.pdf,市场偏好维,1437738,市场偏好维\26-IJFAES-Vol.-3-No.8-Aug-2024-paper25-Mr.M.gobasy.pdf
A1_Demographic_Segmentation_Saudi_Apparel.docx,市场偏好维,58932,市场偏好维\A1_Demographic_Segmentation_Saudi_Apparel.docx
A2_Income_Price_Segmentation_Saudi_Apparel.docx,市场偏好维,57890,市场偏好维\A2_Income_Price_Segmentation_Saudi_Apparel.docx
A3_Values_Attitudes_Segmentation_Saudi_Apparel.docx,市场偏好维,56012,市场偏好维\A3_Values_Attitudes_Segmentation_Saudi_Apparel.docx
ABLF-2023-consumer-CP-Saudi Arabia-english.pdf,市场偏好维,193180,市场偏好维\ABLF-2023-consumer-CP-Saudi Arabia-english.pdf
Alharbi.pdf,市场偏好维,6920151,市场偏好维\Alharbi.pdf
Annual Average Consumer Price Index 2024 EN.pdf,市场偏好维,247241,市场偏好维\Annual Average Consumer Price Index 2024 EN.pdf
B1_Workwear_Commute_Saudi_Apparel.docx,市场偏好维,51891,市场偏好维\B1_Workwear_Commute_Saudi_Apparel.docx
B2_Family_Social_Scenes_Saudi_Apparel.docx,市场偏好维,47079,市场偏好维\B2_Family_Social_Scenes_Saudi_Apparel.docx
B3_Festive_Ritual_Scenes_Saudi_Apparel.docx,市场偏好维,50479,市场偏好维\B3_Festive_Ritual_Scenes_Saudi_Apparel.docx
B4_Travel_Vacation_Scenes_Saudi_Apparel_TextOnly.docx,市场偏好维,49089,市场偏好维\B4_Travel_Vacation_Scenes_Saudi_Apparel_TextOnly.docx
BCG_Ecommerce_Opportunity_Saudi_2021.pdf,市场偏好维,4250423,市场偏好维\BCG_Ecommerce_Opportunity_Saudi_2021.pdf
Business Demography 2023 EN (1).pdf,市场偏好维,181181,市场偏好维\Business Demography 2023 EN (1).pdf
C1_Core_Womenswear_Modest_Saudi_TextCorpus.docx,市场偏好维,47260,市场偏好维\C1_Core_Womenswear_Modest_Saudi_TextCorpus.docx
C2_Modest_Activewear_Saudi_TextCorpus.docx,市场偏好维,45415,市场偏好维\C2_Modest_Activewear_Saudi_TextCorpus.docx
C3_Menswear_Traditional_Modern_Saudi_TextCorpus.docx,市场偏好维,49973,市场偏好维\C3_Menswear_Traditional_Modern_Saudi_TextCorpus.docx
C4_Kidswear_FamilyMatching_Saudi_TextCorpus_v2.docx,市场偏好维,46848,市场偏好维\C4_Kidswear_FamilyMatching_Saudi_TextCorpus_v2.docx
C5_Accessories_LiftAOV_Saudi_TextCorpus.docx,市场偏好维,48121,市场偏好维\C5_Accessories_LiftAOV_Saudi_TextCorpus.docx
CPI Aug 2025-EN.pdf,市场偏好维,263967,市场偏好维\CPI Aug 2025-EN.pdf
CPI Jan 2025-EN.pdf,市场偏好维,235892,市场偏好维\CPI Jan 2025-EN.pdf
ChalhoubGroup-Understanding-the-Modern-KSA-Fashion-Consumer_for_partners.pdf,市场偏好维,1284804,市场偏好维\ChalhoubGroup-Understanding-the-Modern-KSA-Fashion-Consumer_for_partners.pdf
Cross-Cultural Aesthetics Integrating Abaya and K-Fashion in.pdf,市场偏好维,437857,市场偏好维\Cross-Cultural Aesthetics Integrating Abaya and K-Fashion in.pdf
D1_Coverage_Compliance_Structural_Preferences_TextCorpus.docx,市场偏好维,47373,市场偏好维\D1_Coverage_Compliance_Structural_Preferences_TextCorpus.docx
D2_Functional_Structure_Preferences_TextCorpus.docx,市场偏好维,43826,市场偏好维\D2_Functional_Structure_Preferences_TextCorpus.docx
D3_Sizing_BodyFit_Preferences_TextCorpus.docx,市场偏好维,54974,市场偏好维\D3_Sizing_BodyFit_Preferences_TextCorpus.docx
Deloitte_Digital_Consumer_Trends_2024.pdf,市场偏好维,3479161,市场偏好维\Deloitte_Digital_Consumer_Trends_2024.pdf
Digital_FC_Report_2025.pdf,市场偏好维,17963202,市场偏好维\Digital_FC_Report_2025.pdf
Digital_Fashion_Report_2025.pdf,市场偏好维,17963202,市场偏好维\Digital_Fashion_Report_2025.pdf
Direct-Marketing-Overview-Saudi-Arabia-Web-PDF.pdf,市场偏好维,3468328,市场偏好维\Direct-Marketing-Overview-Saudi-Arabia-Web-PDF.pdf
Dissertation Research- Tala Harb.pdf,市场偏好维,1155590,市场偏好维\Dissertation Research- Tala Harb.pdf
E1_Climate_Driven_HeatSunSand_TextCorpus.docx,市场偏好维,54267,市场偏好维\E1_Climate_Driven_HeatSunSand_TextCorpus.docx
E2_EasyCare_Durability_TextCorpus.docx,市场偏好维,45650,市场偏好维\E2_EasyCare_Durability_TextCorpus.docx
E3_Hygiene_Health_Functions_TextCorpus.docx,市场偏好维,51752,市场偏好维\E3_Hygiene_Health_Functions_TextCorpus.docx
E4_Sustainable_Materials_Preferences_TextCorpus.docx,市场偏好维,45179,市场偏好维\E4_Sustainable_Materials_Preferences_TextCorpus.docx
Ecommerce_Impact_Traditional_Business_Saudi.pdf,市场偏好维,444851,市场偏好维\Ecommerce_Impact_Traditional_Business_Saudi.pdf
En-Annual Report-Vision2030-2024.pdf,市场偏好维,36018453,市场偏好维\En-Annual Report-Vision2030-2024.pdf
F1_Color_Trends_Black_to_Color_TextCorpus.docx,市场偏好维,46982,市场偏好维\F1_Color_Trends_Black_to_Color_TextCorpus.docx
F2_Pattern_Styles_Modest_Boundaries_TextCorpus.docx,市场偏好维,46297,市场偏好维\F2_Pattern_Styles_Modest_Boundaries_TextCorpus.docx
F3_Craft_Detail_Embellishments_Lexicon_TextCorpus.docx,市场偏好维,50588,市场偏好维\F3_Craft_Detail_Embellishments_Lexicon_TextCorpus.docx
Firms-Going-Global-Nov24.pdf,市场偏好维,371748,市场偏好维\Firms-Going-Global-Nov24.pdf
Identification of Customers Satisfaction with Popular Online Shopping Apps in Saudi Arabia Using Sentiment Analysis and Topic modelling.docx,市场偏好维,652595,市场偏好维\Identification of Customers Satisfaction with Popular Online Shopping Apps in Saudi Arabia Using Sentiment Analysis and Topic modelling.docx
Knight_Frank_Industrial_Logistics_H1_2024.pdf,市场偏好维,5026860,市场偏好维\Knight_Frank_Industrial_Logistics_H1_2024.pdf
Knight_Frank_Retail_Overview_Autumn_2024.pdf,市场偏好维,2523498,市场偏好维\Knight_Frank_Retail_Overview_Autumn_2024.pdf
Knight_Frank_Retail_Review_Summer_2024.pdf,市场偏好维,4691942,市场偏好维\Knight_Frank_Retail_Review_Summer_2024.pdf
Knight_Frank_Saudi_Retail_2024.pdf,市场偏好维,2523498,市场偏好维\Knight_Frank_Saudi_Retail_2024.pdf
Knight_Frank_Saudi_Retail_Spring_2025.pdf,市场偏好维,2355937,市场偏好维\Knight_Frank_Saudi_Retail_Spring_2025.pdf
Knight_Frank_Saudi_Retail_Summer_2024.pdf,市场偏好维,4691942,市场偏好维\Knight_Frank_Saudi_Retail_Summer_2024.pdf
MENAAP REU_April 2026.pdf,市场偏好维,7418508,市场偏好维\MENAAP REU_April 2026.pdf
Meet the new Saudi consumer. Ten trends shaping a fast-evolving market.pdf,市场偏好维,911760,市场偏好维\Meet the new Saudi consumer. Ten trends shaping a fast-evolving market.pdf
Methodology and Quality Report of Consumer Price Index_ EN.pdf,市场偏好维,291933,市场偏好维\Methodology and Quality Report of Consumer Price Index_ EN.pdf
PwC_Voice_of_Consumer_Main_2024.pdf,市场偏好维,3655773,市场偏好维\PwC_Voice_of_Consumer_Main_2024.pdf
PwC_Voice_of_Consumer_Saudi_2024.pdf,市场偏好维,3655773,市场偏好维\PwC_Voice_of_Consumer_Saudi_2024.pdf
Saudi Youth Statistics  en.pdf,市场偏好维,407912,市场偏好维\Saudi Youth Statistics  en.pdf
Saudi_Arabia_Report_Snap_Consumer_AR.pdf,市场偏好维,15788019,市场偏好维\Saudi_Arabia_Report_Snap_Consumer_AR.pdf
Saudi_Fashion_Frontier_2024.pdf,市场偏好维,5083012,市场偏好维\Saudi_Fashion_Frontier_2024.pdf
Snap_Consumer_AR_Research_GlobalReport.pdf,市场偏好维,37685660,市场偏好维\Snap_Consumer_AR_Research_GlobalReport.pdf
The state of fashion sector in Saudi Arabia.pdf,市场偏好维,12383298,市场偏好维\The state of fashion sector in Saudi Arabia.pdf
WB_Economic_Report_2025.pdf,市场偏好维,456278,市场偏好维\WB_Economic_Report_2025.pdf
WB_MPO_Saudi_2024.pdf,市场偏好维,133495,市场偏好维\WB_MPO_Saudi_2024.pdf
"admin_jmr,+artikel+RIZAL+for+JUMERITA+Ganjil+2024.pdf",市场偏好维,599543,"市场偏好维\admin_jmr,+artikel+RIZAL+for+JUMERITA+Ganjil+2024.pdf"
consumer-preferences-for-saudi-agricultural-products-in--the-global-halal-food-market-a-conjoint-analysis.pdf,市场偏好维,1464366,市场偏好维\consumer-preferences-for-saudi-agricultural-products-in--the-global-halal-food-market-a-conjoint-analysis.pdf
report_trdev_jun21_e.pdf,市场偏好维,2147528,市场偏好维\report_trdev_jun21_e.pdf
sa044ar.pdf,市场偏好维,50473,市场偏好维\sa044ar.pdf
the-influence-of-media-on-the-trend-of-saudi-women-towards-purchasing-traditional-clothing.pdf,市场偏好维,1208231,市场偏好维\the-influence-of-media-on-the-trend-of-saudi-women-towards-purchasing-traditional-clothing.pdf
wholesale and retail trade activities during 2023EN (1).pdf,市场偏好维,161158,市场偏好维\wholesale and retail trade activities during 2023EN (1).pdf
东南亚和非洲市场跨境电商平台商家选品策略研究_黄蓝青.pdf,市场偏好维,2602237,市场偏好维\东南亚和非洲市场跨境电商平台商家选品策略研究_黄蓝青.pdf
市场偏好维_沙特服饰偏好_选品数据.docx,市场偏好维,57743,市场偏好维\市场偏好维_沙特服饰偏好_选品数据.docx
探究快时尚服装品牌SHEIN跨境电商营销策略.pdf,市场偏好维,585539,市场偏好维\探究快时尚服装品牌SHEIN跨境电商营销策略.pdf
沙特报告6W.docx,市场偏好维,501669,市场偏好维\沙特报告6W.docx
沙特服饰文献总结.docx,市场偏好维,18735,市场偏好维\沙特服饰文献总结.docx
沙特进口服装价格大幅上涨++90%进口服装来自中国_李霄.pdf,市场偏好维,1039404,市场偏好维\沙特进口服装价格大幅上涨++90%进口服装来自中国_李霄.pdf
沙特阿拉伯西装市场.pdf,市场偏好维,130252,市场偏好维\沙特阿拉伯西装市场.pdf
11863-11871.pdf,平台运营维,628231,平台运营维\11863-11871.pdf
4-2-68-740.pdf,平台运营维,279486,平台运营维\4-2-68-740.pdf
571882233010.pdf,平台运营维,1041697,平台运营维\571882233010.pdf
6644d4fa2151b_453453458374592745.pdf,平台运营维,2573142,平台运营维\6644d4fa2151b_453453458374592745.pdf
685ebe01d2f1ab4db6489894_Fospha’s Ultimate TikTok Playbook - Q3 2024-compressed.pdf,平台运营维,433090,平台运营维\685ebe01d2f1ab4db6489894_Fospha’s Ultimate TikTok Playbook - Q3 2024-compressed.pdf
85aa723f-e305-4538-baf4-559f86cba7a1_f1000res168970.pdf,平台运营维,553411,平台运营维\85aa723f-e305-4538-baf4-559f86cba7a1_f1000res168970.pdf
AI数字人如何重塑跨境电商供应链韧性：内在机理与实践探索_王俊斌.pdf,平台运营维,1293365,平台运营维\AI数字人如何重塑跨境电商供应链韧性：内在机理与实践探索_王俊斌.pdf
Amazon_SA_Registration_Guideline_2024.pdf,平台运营维,1853391,平台运营维\Amazon_SA_Registration_Guideline_2024.pdf
Analysis-of-the-Textile-and-Clothing-Industry-Global-Value-Chains-Summary.pdf,平台运营维,1424489,平台运营维\Analysis-of-the-Textile-and-Clothing-Industry-Global-Value-Chains-Summary.pdf
Cross-Border-E-commerce-Final_2023-min.pdf,平台运营维,3491547,平台运营维\Cross-Border-E-commerce-Final_2023-min.pdf
DTC“品牌出海”模式下跨境电商直播营销的价值及方向探究_邵柯芫.pdf,平台运营维,1205444,平台运营维\DTC“品牌出海”模式下跨境电商直播营销的价值及方向探究_邵柯芫.pdf
E-commerce-Development-Experience-from-China.pdf,平台运营维,7795537,平台运营维\E-commerce-Development-Experience-from-China.pdf
ERIA-DP-2015-12.pdf,平台运营维,2141380,平台运营维\ERIA-DP-2015-12.pdf
Enhancing Arabic Machine Translation for E-commerce Product.pdf,平台运营维,578143,平台运营维\Enhancing Arabic Machine Translation for E-commerce Product.pdf
H3_AP202204151559439946_1.pdf,平台运营维,2650142,平台运营维\H3_AP202204151559439946_1.pdf
Identification of Customers Satisfaction with Popular Online Shopping Apps in Saudi Arabia Using Sentiment Analysis and Topic modelling.docx,平台运营维,64737,平台运营维\Identification of Customers Satisfaction with Popular Online Shopping Apps in Saudi Arabia Using Sentiment Analysis and Topic modelling.docx
Noon_Beginners_Guide_2024.pdf,平台运营维,17594276,平台运营维\Noon_Beginners_Guide_2024.pdf
Noon_Seller_Beginners_Guide_2025.pdf,平台运营维,17594276,平台运营维\Noon_Seller_Beginners_Guide_2025.pdf
P179647-b378ec18-7e40-488a-8327-0cc6f6c5dd18.pdf,平台运营维,7815198,平台运营维\P179647-b378ec18-7e40-488a-8327-0cc6f6c5dd18.pdf
SHEIN_Terms_Conditions_2024.pdf,平台运营维,307762,平台运营维\SHEIN_Terms_Conditions_2024.pdf
Shein、Temu如何破局海湾电商市场_徐静.pdf,平台运营维,1594765,平台运营维\Shein、Temu如何破局海湾电商市场_徐静.pdf
Temu平台在海外市场持续发展的对策研究_梁炜岚.pdf,平台运营维,1799793,平台运营维\Temu平台在海外市场持续发展的对策研究_梁炜岚.pdf
Temu美国市场的竞争战略研究_王新华.pdf,平台运营维,5409154,平台运营维\Temu美国市场的竞争战略研究_王新华.pdf
Temu：低价突围与战略迭进，打造全球电商新范式_刘炫.pdf,平台运营维,1436539,平台运营维\Temu：低价突围与战略迭进，打造全球电商新范式_刘炫.pdf
TikTok_Shop_Guide_TheHive_2024.pdf,平台运营维,9113636,平台运营维\TikTok_Shop_Guide_TheHive_2024.pdf
agency_newsletter_december_2.pdf,平台运营维,4954678,平台运营维\agency_newsletter_december_2.pdf
g0-dhl-e-commerce-cross-border-report-2024.pdf,平台运营维,8381061,平台运营维\g0-dhl-e-commerce-cross-border-report-2024.pdf
se1AR85HkIgVfai.pdf,平台运营维,690024,平台运营维\se1AR85HkIgVfai.pdf
“跨境电商+直播”赋能浙江制造型企业出海研究——从OEM到OBM的跃迁路径_林曦.pdf,平台运营维,2424107,平台运营维\“跨境电商+直播”赋能浙江制造型企业出海研究——从OEM到OBM的跃迁路径_林曦.pdf
中国产品国际竞争力之分析_林珏.pdf,平台运营维,528513,平台运营维\中国产品国际竞争力之分析_林珏.pdf
中国制造业企业出海沙特洞察_沈滨沨.pdf,平台运营维,1033387,平台运营维\中国制造业企业出海沙特洞察_沈滨沨.pdf
中国快时尚服装品牌跨境电商运营模式及优化策略研究_罗婕.pdf,平台运营维,2650315,平台运营维\中国快时尚服装品牌跨境电商运营模式及优化策略研究_罗婕.pdf
中国跨境电商平台在美国市场的本地化适应策略研究.docx,平台运营维,24425,平台运营维\中国跨境电商平台在美国市场的本地化适应策略研究.docx
中小跨境网络零售企业供应链效率提升路径——基于结构嵌入与关系嵌入视角_申玥.pdf,平台运营维,1359887,平台运营维\中小跨境网络零售企业供应链效率提升路径——基于结构嵌入与关系嵌入视角_申玥.pdf
从产品出海到供应链出海_陈晓曦.pdf,平台运营维,1575566,平台运营维\从产品出海到供应链出海_陈晓曦.pdf
从赋能到使能——数字化环境下的企业运营管理_陈剑.pdf,平台运营维,2229939,平台运营维\从赋能到使能——数字化环境下的企业运营管理_陈剑.pdf
全球供应链视角下跨境电商供应与物流策略研究——以Temu平台为例_孟晓.pdf,平台运营维,1353930,平台运营维\全球供应链视角下跨境电商供应与物流策略研究——以Temu平台为例_孟晓.pdf
商业生态系统视角下出口型跨境电商企业的海外战略分析_孙智佳.pdf,平台运营维,6731347,平台运营维\商业生态系统视角下出口型跨境电商企业的海外战略分析_孙智佳.pdf
国内环境规制对纺织服装出口贸易影响的实证研究_姚蕾.pdf,平台运营维,416596,平台运营维\国内环境规制对纺织服装出口贸易影响的实证研究_姚蕾.pdf
基于供应链视角的跨境电商物流链优化研究_李昕.pdf,平台运营维,1372608,平台运营维\基于供应链视角的跨境电商物流链优化研究_李昕.pdf
女装品类外贸跨境电商企业的经营战略分析_徐鹏.pdf,平台运营维,2260229,平台运营维\女装品类外贸跨境电商企业的经营战略分析_徐鹏.pdf
我国中小企业出口竞争力的影响因素分析_张翠.pdf,平台运营维,364788,平台运营维\我国中小企业出口竞争力的影响因素分析_张翠.pdf
我国电商企业进入中东市场战略研究_范景.pdf,平台运营维,1819160,平台运营维\我国电商企业进入中东市场战略研究_范景.pdf
我国纺织品服装产业出口结构与国际竞争力的实证分析_朱彤.pdf,平台运营维,1698739,平台运营维\我国纺织品服装产业出口结构与国际竞争力的实证分析_朱彤.pdf
我国纺织品服装产业国际竞争力的实证分析_杨金玲 (1).pdf,平台运营维,812896,平台运营维\我国纺织品服装产业国际竞争力的实证分析_杨金玲 (1).pdf
我国纺织品服装产业国际竞争力的实证分析_杨金玲.pdf,平台运营维,812563,平台运营维\我国纺织品服装产业国际竞争力的实证分析_杨金玲.pdf
我国纺织服装行业跨境电商出口的影响因素研究_沈明威.pdf,平台运营维,1510099,平台运营维\我国纺织服装行业跨境电商出口的影响因素研究_沈明威.pdf
我国跨境电商发展模式优化机制研究——基于供应链视角_米岩.pdf,平台运营维,2469084,平台运营维\我国跨境电商发展模式优化机制研究——基于供应链视角_米岩.pdf
数字内容平台出海与中国出口贸易增长_李建桐.pdf,平台运营维,1293205,平台运营维\数字内容平台出海与中国出口贸易增长_李建桐.pdf
数字平台重构全球供应链的机制创新与发展中国家突围路径——基于跨境电商多案例研究_赵振博.pdf,平台运营维,2421577,平台运营维\数字平台重构全球供应链的机制创新与发展中国家突围路径——基于跨境电商多案例研究_赵振博.pdf
数字经济赋能全球产业链供应链分工的场景、治理与应对_杨继军.pdf,平台运营维,1321740,平台运营维\数字经济赋能全球产业链供应链分工的场景、治理与应对_杨继军.pdf
新形势下我国跨境电商出口的新发展与新问题——基于WTO多边贸易规则的思考_于小燕.pdf,平台运营维,160399,平台运营维\新形势下我国跨境电商出口的新发展与新问题——基于WTO多边贸易规则的思考_于小燕.pdf
服装出口企业跨境电商贸易面临的问题与转型策略_管荣伟.pdf,平台运营维,215026,平台运营维\服装出口企业跨境电商贸易面临的问题与转型策略_管荣伟.pdf
泛太平洋战略经济伙伴关系协定对中国纺织品服装出口的潜在影响——基于一般均衡模型的评估_陆圣.pdf,平台运营维,847444,平台运营维\泛太平洋战略经济伙伴关系协定对中国纺织品服装出口的潜在影响——基于一般均衡模型的评估_陆圣.pdf
电子商务发展：来自中国的经验.pdf,平台运营维,7795537,平台运营维\电子商务发展：来自中国的经验.pdf
超快时尚跨境电商平台SHEIN的柔性供应链分析与绩效评价_王怡.pdf,平台运营维,3684856,平台运营维\超快时尚跨境电商平台SHEIN的柔性供应链分析与绩效评价_王怡.pdf
跨境电商与跨境物流协同_机理与路径_张夏恒.pdf,平台运营维,1426632,平台运营维\跨境电商与跨境物流协同_机理与路径_张夏恒.pdf
跨境电商企业供应链管理优化研究_任静.pdf,平台运营维,4320307,平台运营维\跨境电商企业供应链管理优化研究_任静.pdf
跨境电商企业出海运营策略研究——以Temu平台为例_刘昊.pdf,平台运营维,1842351,平台运营维\跨境电商企业出海运营策略研究——以Temu平台为例_刘昊.pdf
跨境电商供应链效率影响要素及关系分析_金璐.pdf,平台运营维,1381441,平台运营维\跨境电商供应链效率影响要素及关系分析_金璐.pdf
跨境电商供应链物流增值服务的优化决策_牟进进.pdf,平台运营维,1675450,平台运营维\跨境电商供应链物流增值服务的优化决策_牟进进.pdf
跨境电商平台Temu商业模式研究_赵超颖.pdf,平台运营维,2552036,平台运营维\跨境电商平台Temu商业模式研究_赵超颖.pdf
跨境电商平台商业模式创新对中国电商出海的启示——基于商业画布模型的研究_李晶.pdf,平台运营维,2146067,平台运营维\跨境电商平台商业模式创新对中国电商出海的启示——基于商业画布模型的研究_李晶.pdf
1731036313236016655.pdf,风险提示维,1075853,风险提示维\1731036313236016655.pdf
20230420175611730.pdf,风险提示维,567625,风险提示维\20230420175611730.pdf
ABLF-2023-consumer-CP-Saudi Arabia-english.pdf,风险提示维,193180,风险提示维\ABLF-2023-consumer-CP-Saudi Arabia-english.pdf
B2B_B2C_Ecommerce_Logistics_Saudi.pdf,风险提示维,246564,风险提示维\B2B_B2C_Ecommerce_Logistics_Saudi.pdf
Cross_Border_EC_Consumer_Protection_2024.pdf,风险提示维,124901,风险提示维\Cross_Border_EC_Consumer_Protection_2024.pdf
Cross_Border_EC_Final_2023.pdf,风险提示维,3491547,风险提示维\Cross_Border_EC_Final_2023.pdf
Cross_Border_Payment_Fraud_Prevention_BIS.pdf,风险提示维,444915,风险提示维\Cross_Border_Payment_Fraud_Prevention_BIS.pdf
Cultural_Dimensions_Ecommerce_2018.pdf,风险提示维,354613,风险提示维\Cultural_Dimensions_Ecommerce_2018.pdf
Customs_Laws_Saudi_Arabia.pdf,风险提示维,195695,风险提示维\Customs_Laws_Saudi_Arabia.pdf
Cyber_Piracy_Saudi_2024.pdf,风险提示维,307616,风险提示维\Cyber_Piracy_Saudi_2024.pdf
E-COMMERCE CONSUMER DATA PROTECTION IN SAUDI ARABIA.pdf,风险提示维,452884,风险提示维\E-COMMERCE CONSUMER DATA PROTECTION IN SAUDI ARABIA.pdf
Ecommerce_Threats_Saudi_2024.pdf,风险提示维,530933,风险提示维\Ecommerce_Threats_Saudi_2024.pdf
Electronic_Commercial_Contracts_2024.pdf,风险提示维,450725,风险提示维\Electronic_Commercial_Contracts_2024.pdf
Evaluating PDPL Compliance in E-Commerce Websites Insights.pdf,风险提示维,450826,风险提示维\Evaluating PDPL Compliance in E-Commerce Websites Insights.pdf
Global_Payments_Fraud_Report_2024.pdf,风险提示维,15549409,风险提示维\Global_Payments_Fraud_Report_2024.pdf
IJBMT_Ecommerce_Consumer_Protection.pdf,风险提示维,348861,风险提示维\IJBMT_Ecommerce_Consumer_Protection.pdf
IJETER_Last_Mile_2024.pdf,风险提示维,936612,风险提示维\IJETER_Last_Mile_2024.pdf
Knowledge Graph-Enhanced Retrieval Augmented.pdf,风险提示维,1107340,风险提示维\Knowledge Graph-Enhanced Retrieval Augmented.pdf
Last_Mile_Delivery_KSA_2025.pdf,风险提示维,890144,风险提示维\Last_Mile_Delivery_KSA_2025.pdf
Last_Mile_Delivery_Review_2025.pdf,风险提示维,4131722,风险提示维\Last_Mile_Delivery_Review_2025.pdf
Last_Mile_Optimization_2024.pdf,风险提示维,936612,风险提示维\Last_Mile_Optimization_2024.pdf
Logistics_Risk_Spatial_2024.pdf,风险提示维,1135990,风险提示维\Logistics_Risk_Spatial_2024.pdf
MPRA_paper_110162.pdf,风险提示维,829898,风险提示维\MPRA_paper_110162.pdf
MerchantGuide.pdf,风险提示维,712412,风险提示维\MerchantGuide.pdf
NCA_Cybersecurity_ECC_Guide_2024.pdf,风险提示维,1297107,风险提示维\NCA_Cybersecurity_ECC_Guide_2024.pdf
NCA_National_Cyber_Strategy.pdf,风险提示维,6607799,风险提示维\NCA_National_Cyber_Strategy.pdf
PDPL_Compliance_Handbook_2024.pdf,风险提示维,2894624,风险提示维\PDPL_Compliance_Handbook_2024.pdf
PDPL_Critical_Needs_2025.pdf,风险提示维,2004572,风险提示维\PDPL_Critical_Needs_2025.pdf
PDPL_One_Year_After_2024.pdf,风险提示维,1890382,风险提示维\PDPL_One_Year_After_2024.pdf
Payment_Security_Privacy_2024.pdf,风险提示维,319371,风险提示维\Payment_Security_Privacy_2024.pdf
PwC_KSA_VAT_Refund_2025.pdf,风险提示维,588989,风险提示维\PwC_KSA_VAT_Refund_2025.pdf
PwC_Tax_Amnesty_Extension_2024.pdf,风险提示维,672346,风险提示维\PwC_Tax_Amnesty_Extension_2024.pdf
SAMA_Counter_Fraud_Framework.pdf,风险提示维,1529820,风险提示维\SAMA_Counter_Fraud_Framework.pdf
SAMA_Cyber_Framework_Alt.pdf,风险提示维,1646011,风险提示维\SAMA_Cyber_Framework_Alt.pdf
SFDA_Product_Recall_Guidance_2025.pdf,风险提示维,564852,风险提示维\SFDA_Product_Recall_Guidance_2025.pdf
TEM_Journal_Cyber_2025.pdf,风险提示维,686420,风险提示维\TEM_Journal_Cyber_2025.pdf
TR-for-Textile-Products.pdf,风险提示维,4153461,风险提示维\TR-for-Textile-Products.pdf
Tackling_Fraudulent_Activity_Payments.pdf,风险提示维,167432,风险提示维\Tackling_Fraudulent_Activity_Payments.pdf
Threat_Landscape_Saudi_2024.pdf,风险提示维,8327965,风险提示维\Threat_Landscape_Saudi_2024.pdf
Trademark_Protection_Saudi_2025.pdf,风险提示维,3209142,风险提示维\Trademark_Protection_Saudi_2025.pdf
UNIFIED GUIDE FOR CUSTOMS PROCEDURES.pdf,风险提示维,630089,风险提示维\UNIFIED GUIDE FOR CUSTOMS PROCEDURES.pdf
WP- Saudi Arabia's Vision 2030- Derendinger & Frank .pdf,风险提示维,483051,风险提示维\WP- Saudi Arabia's Vision 2030- Derendinger & Frank .pdf
ZATCA_Fines_Exemption_2024.pdf,风险提示维,555145,风险提示维\ZATCA_Fines_Exemption_2024.pdf
ZATCA_VAT_Penalty_2024.pdf,风险提示维,495389,风险提示维\ZATCA_VAT_Penalty_2024.pdf
Zakat_Tax_Customs_Procedures_PWC.pdf,风险提示维,1252676,风险提示维\Zakat_Tax_Customs_Procedures_PWC.pdf
cureus-0016-00000057749.pdf,风险提示维,274331,风险提示维\cureus-0016-00000057749.pdf
sa-passenger-rights-protection-regulations-en.pdf,风险提示维,997333,风险提示维\sa-passenger-rights-protection-regulations-en.pdf
saudi_vision203.pdf,风险提示维,3823127,风险提示维\saudi_vision203.pdf
shatealabo.pdf,风险提示维,2488461,风险提示维\shatealabo.pdf
the-need-to-enhance-online-consumer-protection-in-ksa.pdf,风险提示维,173591,风险提示维\the-need-to-enhance-online-consumer-protection-in-ksa.pdf
voc-saudi-textile-whitepaper-final.pdf,风险提示维,1595167,风险提示维\voc-saudi-textile-whitepaper-final.pdf
أثر التجارة اإللكتونية عىل سلوك المستهلكي ف قطاع تجارة.pdf,风险提示维,1437738,风险提示维\أثر التجارة اإللكتونية عىل سلوك المستهلكي ف قطاع تجارة.pdf
文献.docx,风险提示维,19856,风险提示维\文献.docx
消费者隐私保护与跨境电商平台出海：来自GDPR的经验证据_潘钢健.pdf,风险提示维,1344809,风险提示维\消费者隐私保护与跨境电商平台出海：来自GDPR的经验证据_潘钢健.pdf
知识库.docx,风险提示维,25916,风险提示维\知识库.docx
知识库.pdf,风险提示维,287970,风险提示维\知识库.pdf
跨境电商供应链韧性影响因素的作用机制_刘宪立.pdf,风险提示维,1555476,风险提示维\跨境电商供应链韧性影响因素的作用机制_刘宪立.pdf
跨境电商出海模式对企业新质生产力的影响_傅翌.pdf,风险提示维,2542471,风险提示维\跨境电商出海模式对企业新质生产力的影响_傅翌.pdf
跨境电子商务商家风险防控指南.pdf,风险提示维,341961,风险提示维\跨境电子商务商家风险防控指南.pdf
2024.lrec-main.436.pdf,营销表达维,1900577,营销表达维\2024.lrec-main.436.pdf
2024海外网红营销白皮书3.0_wotohub_2024-1.pdf,营销表达维,12889630,营销表达维\2024海外网红营销白皮书3.0_wotohub_2024-1.pdf
2025.arabicnlp-main.26.pdf,营销表达维,966926,营销表达维\2025.arabicnlp-main.26.pdf
2407.02147v2.pdf,营销表达维,1981414,营销表达维\2407.02147v2.pdf
2507.14688v2.pdf,营销表达维,1009058,营销表达维\2507.14688v2.pdf
2602.18616v3.pdf,营销表达维,450826,营销表达维\2602.18616v3.pdf
Almaghlouth和Almeshal - 2024 - Role of Digital Marketing Content Strategy on User Experience Toward Cultural Venues in Saudi Arabia.pdf,营销表达维,644184,营销表达维\Almaghlouth和Almeshal - 2024 - Role of Digital Marketing Content Strategy on User Experience Toward Cultural Venues in Saudi Arabia.pdf
Arabic_MT_Ecommerce_Arxiv_2024.pdf,营销表达维,612807,营销表达维\Arabic_MT_Ecommerce_Arxiv_2024.pdf
Arabic_Machine_Translation_Ecommerce.pdf,营销表达维,1981414,营销表达维\Arabic_Machine_Translation_Ecommerce.pdf
AutomaticControllableProductCopywritingforE-Commerce.pdf,营销表达维,6379559,营销表达维\AutomaticControllableProductCopywritingforE-Commerce.pdf
Changes_in_Online_Shopping_Behavior_for_Ready-Made.pdf,营销表达维,582208,营销表达维\Changes_in_Online_Shopping_Behavior_for_Ready-Made.pdf
ControllableandDiverseTextGenerationinE-commerce.pdf,营销表达维,6178891,营销表达维\ControllableandDiverseTextGenerationinE-commerce.pdf
Digital_Marketing_Content_Strategy_Saudi.pdf,营销表达维,609422,营销表达维\Digital_Marketing_Content_Strategy_Saudi.pdf
ENG_META_TikTok_SMB_Fashion_Retail.pdf,营销表达维,3704049,营销表达维\ENG_META_TikTok_SMB_Fashion_Retail.pdf
Expressing herself through.pdf,营销表达维,237870,营销表达维\Expressing herself through.pdf
E公司服装在中东市场的营销策略研究_吕辽辽.pdf,营销表达维,2239021,营销表达维\E公司服装在中东市场的营销策略研究_吕辽辽.pdf
Instagram_Shopping_Saudi_Arabia.pdf,营销表达维,667001,营销表达维\Instagram_Shopping_Saudi_Arabia.pdf
Islamic challenges to advertising.pdf,营销表达维,245452,营销表达维\Islamic challenges to advertising.pdf
JS晚礼服公司中东市场营销策略及优化_汪青.pdf,营销表达维,7919432,营销表达维\JS晚礼服公司中东市场营销策略及优化_汪青.pdf
PENGARUH DIGITAL MARKETING TERHADAP MINAT BELI KONSUMEN PADA TOKO ABAYA FASHION.pdf,营销表达维,599543,营销表达维\PENGARUH DIGITAL MARKETING TERHADAP MINAT BELI KONSUMEN PADA TOKO ABAYA FASHION.pdf
Paper+15+(20257.2)+Language+as+a+Key+Element+in+Digital.pdf,营销表达维,242255,营销表达维\Paper+15+(20257.2)+Language+as+a+Key+Element+in+Digital.pdf
Paper_81-Instagram_Shopping_in_Saudi_Arabia.pdf,营销表达维,667001,营销表达维\Paper_81-Instagram_Shopping_in_Saudi_Arabia.pdf
RAGE-KG_2024_paper_6.pdf,营销表达维,1107340,营销表达维\RAGE-KG_2024_paper_6.pdf
Retrieval-Augmented Generation for Koneledge-Intense NLP Tasks.pdf,营销表达维,885323,营销表达维\Retrieval-Augmented Generation for Koneledge-Intense NLP Tasks.pdf
Role of Digital Marketing Content Strategy on User.pdf,营销表达维,644184,营销表达维\Role of Digital Marketing Content Strategy on User.pdf
SHEIN_Marketing_Innovation_2024.pdf,营销表达维,1330294,营销表达维\SHEIN_Marketing_Innovation_2024.pdf
Social_Commerce_Adoption_Saudi.pdf,营销表达维,298862,营销表达维\Social_Commerce_Adoption_Saudi.pdf
Social_Commerce_Saudi_2024.pdf,营销表达维,987121,营销表达维\Social_Commerce_Saudi_2024.pdf
Social_Commerce_Saudi_Arabia_2024.pdf,营销表达维,987121,营销表达维\Social_Commerce_Saudi_Arabia_2024.pdf
Social_Media_Marketing_Tool_Saudi.pdf,营销表达维,999301,营销表达维\Social_Media_Marketing_Tool_Saudi.pdf
S公司中东市场女装业务营销策略研究_马文英.pdf,营销表达维,8915571,营销表达维\S公司中东市场女装业务营销策略研究_马文英.pdf
S服装外贸公司中东市场营销策略优化研究_任海香.pdf,营销表达维,3246878,营销表达维\S服装外贸公司中东市场营销策略优化研究_任海香.pdf
The Marketing Research Scene in Saudi Arabia Available.pdf,营销表达维,558745,营销表达维\The Marketing Research Scene in Saudi Arabia Available.pdf
TikTok+for+Business+Best+Practices+and+Tools.pdf,营销表达维,8980140,营销表达维\TikTok+for+Business+Best+Practices+and+Tools.pdf
TikTokShop-Playbook.pdf,营销表达维,11061681,营销表达维\TikTokShop-Playbook.pdf
TikTok_Ads_Manager_User_Guide.pdf,营销表达维,50291167,营销表达维\TikTok_Ads_Manager_User_Guide.pdf
TikTok_Shop_Seller_Guide_2024.pdf,营销表达维,9113636,营销表达维\TikTok_Shop_Seller_Guide_2024.pdf
TikTok_Socio_Economic_Impact_KSA.pdf,营销表达维,88825,营销表达维\TikTok_Socio_Economic_Impact_KSA.pdf
Understanding_Consumer_Engagement_2024.pdf,营销表达维,579279,营销表达维\Understanding_Consumer_Engagement_2024.pdf
enhancing-arabic-machine-translation-for-e-commerce-product-information-data-quality-challenges-and-innovative-selection-approaches.pdf,营销表达维,573357,营销表达维\enhancing-arabic-machine-translation-for-e-commerce-product-information-data-quality-challenges-and-innovative-selection-approaches.pdf
jrfm-15-00274.pdf,营销表达维,1188287,营销表达维\jrfm-15-00274.pdf
jrfm-16-00036.pdf,营销表达维,969961,营销表达维\jrfm-16-00036.pdf
jtaer-20-00311.pdf,营销表达维,582316,营销表达维\jtaer-20-00311.pdf
luqmani-AdvertisinginSaudiArabia.pdf,营销表达维,1190469,营销表达维\luqmani-AdvertisinginSaudiArabia.pdf
sustainability-16-10951.pdf,营销表达维,987121,营销表达维\sustainability-16-10951.pdf
systems-14-00031.pdf,营销表达维,1198164,营销表达维\systems-14-00031.pdf
中国社交媒体平台的全球化布局与海外传播策略研究——以小红书为例_申思丛.pdf,营销表达维,1129682,营销表达维\中国社交媒体平台的全球化布局与海外传播策略研究——以小红书为例_申思丛.pdf
中国跨境电商企业品牌国际化研究_邱爽.pdf,营销表达维,3043830,营销表达维\中国跨境电商企业品牌国际化研究_邱爽.pdf
动态能力视角下中国跨境电商企业品牌国际化路径研究_李佩池.pdf,营销表达维,3568246,营销表达维\动态能力视角下中国跨境电商企业品牌国际化路径研究_李佩池.pdf
沙特服装营销表达语料库（5渠道完整版） 66bac9ca7afb43dfbebe7970ebb29f96.pdf,营销表达维,906714,营销表达维\沙特服装营销表达语料库（5渠道完整版） 66bac9ca7afb43dfbebe7970ebb29f96.pdf
石狮童装品牌中东市场营销策略研究_黄小红.pdf,营销表达维,1278632,营销表达维\石狮童装品牌中东市场营销策略研究_黄小红.pdf
营销案例.docx,营销表达维,13921,营销表达维\营销案例.docx
西方牛仔裤公司在穆斯林妇女消费群体的跨文化营销研究_邵红峦.pdf,营销表达维,1460508,营销表达维\西方牛仔裤公司在穆斯林妇女消费群体的跨文化营销研究_邵红峦.pdf
试论本地化营销策略_戚自科.pdf,营销表达维,234142,营销表达维\试论本地化营销策略_戚自科.pdf
跨境电商SHEIN公司的营销策略优化研究_冯依琳.pdf,营销表达维,7058796,营销表达维\跨境电商SHEIN公司的营销策略优化研究_冯依琳.pdf
跨境电商企业品牌出海的运营战略研究_苏梦莹.pdf,营销表达维,8239929,营销表达维\跨境电商企业品牌出海的运营战略研究_苏梦莹.pdf
近五年国内外社交电商影响用户行为的研究热点及发展趋势分析.pdf,营销表达维,2828186,营销表达维\近五年国内外社交电商影响用户行为的研究热点及发展趋势分析.pdf
近五年国内外社交电商影响用户行为的研究热点及发展趋势分析.罗淦.pdf,营销表达维,2828186,营销表达维\近五年国内外社交电商影响用户行为的研究热点及发展趋势分析.罗淦.pdf
1大学生科研训练项目报销.docx,项目文档,45701,项目文档\1大学生科研训练项目报销.docx
2北京第二外国语学院校级教育教学经费管理办法.docx,项目文档,16133,项目文档\2北京第二外国语学院校级教育教学经费管理办法.docx
3北京第二外国语学院差旅费管理办法.doc,项目文档,306688,项目文档\3北京第二外国语学院差旅费管理办法.doc
4附件：《北京第二外国语学院项目经费购置纸本图书管理办法》（修订版）.doc,项目文档,30720,项目文档\4附件：《北京第二外国语学院项目经费购置纸本图书管理办法》（修订版）.doc
548586-“智汇学途”AI多智_识服务系统-支撑材料-5863b1f0.pdf,项目文档,287184,项目文档\548586-“智汇学途”AI多智_识服务系统-支撑材料-5863b1f0.pdf
5票据粘贴单.doc,项目文档,28672,项目文档\5票据粘贴单.doc
6北京第二外国语学院调研费申请书.docx,项目文档,16317,项目文档\6北京第二外国语学院调研费申请书.docx
7未能使用公务卡承诺函.doc,项目文档,29696,项目文档\7未能使用公务卡承诺函.doc
8简化报销流程的通知.docx,项目文档,16265,项目文档\8简化报销流程的通知.docx
CustomerGuide.pdf,项目文档,3971900,项目文档\CustomerGuide.pdf
Doing-Business-in-Saudi-Arabia-Chinese.pdf,项目文档,2742024,项目文档\Doing-Business-in-Saudi-Arabia-Chinese.pdf
Don't just translate.pdf,项目文档,296452,项目文档\Don't just translate.pdf
"Don’t Just Translate, Summarize Too.pdf",项目文档,296452,"项目文档\Don’t Just Translate, Summarize Too.pdf"
List-of-Standards-Relevant-to-the-Implementation-of-the-Technical-Regulation-for-Autonomous-Vehicles.pdf,项目文档,922887,项目文档\List-of-Standards-Relevant-to-the-Implementation-of-the-Technical-Regulation-for-Autonomous-Vehicles.pdf
NTM.pdf,项目文档,148699,项目文档\NTM.pdf
Predicting Trends and Maximizing Sales AI’s Role in Saudi.pdf,项目文档,582316,项目文档\Predicting Trends and Maximizing Sales AI’s Role in Saudi.pdf
The Implementing Regulations of the Commercial Courts Law.docx,项目文档,80422,项目文档\The Implementing Regulations of the Commercial Courts Law.docx
中小服饰出口沙特.docx,项目文档,14373,项目文档\中小服饰出口沙特.docx
关于公布2026年大学生创新创业训练计划项目立项名单的通知.docx,项目文档,15847,项目文档\关于公布2026年大学生创新创业训练计划项目立项名单的通知.docx
大创总体定位，给ai.docx,项目文档,12480,项目文档\大创总体定位，给ai.docx
已读文献可借鉴内容.docx,项目文档,13949,项目文档\已读文献可借鉴内容.docx
拼多多国际化“破圈”_胡小玲.pdf,项目文档,1810874,项目文档\拼多多国际化“破圈”_胡小玲.pdf
拼多多国际化破圈_胡小玲.pdf,项目文档,1810874,项目文档\拼多多国际化破圈_胡小玲.pdf
文献分类.docx,项目文档,17345,项目文档\文献分类.docx
文献综述工作区 — 沙特出海服饰智能助手 5ce74704bc10490498aa0107e4629e58.pdf,项目文档,1158337,项目文档\文献综述工作区 — 沙特出海服饰智能助手 5ce74704bc10490498aa0107e4629e58.pdf
新增供应链论文的阅读思考与整合建议.docx,项目文档,18758,项目文档\新增供应链论文的阅读思考与整合建议.docx
早期五维数据源总表__项目进度追踪（附最低标准线与分工）.pdf,项目文档,1008166,项目文档\早期五维数据源总表__项目进度追踪（附最低标准线与分工）.pdf
沙特时尚图片_RAG__VLM_富文本生成_SOP.pdf,项目文档,1187516,项目文档\沙特时尚图片_RAG__VLM_富文本生成_SOP.pdf
沙特服饰出海智能助手风险提示维知识库.pdf,项目文档,758900,项目文档\沙特服饰出海智能助手风险提示维知识库.pdf
沙特跨境语料库构建指南readme5.16.pdf,项目文档,816958,项目文档\沙特跨境语料库构建指南readme5.16.pdf
综述正文_v1（可读版）.pdf,项目文档,730464,项目文档\综述正文_v1（可读版）.pdf
营销视角 vs 供应链视角.docx,项目文档,16779,项目文档\营销视角 vs 供应链视角.docx
规划与时间安排.docx,项目文档,12341,项目文档\规划与时间安排.docx
论文写作.docx,项目文档,3229790,项目文档\论文写作.docx
论文可参考内容.docx,项目文档,37075,项目文档\论文可参考内容.docx
附件2：北京第二外国语学院大学生创新创业训练计划管理办法.doc,项目文档,58368,项目文档\附件2：北京第二外国语学院大学生创新创业训练计划管理办法.doc
附件2：北京第二外国语学院大学生创新创业训练计划项目申报书(1).doc,项目文档,827904,项目文档\附件2：北京第二外国语学院大学生创新创业训练计划项目申报书(1).doc
附件2：北京第二外国语学院大学生创新创业训练计划项目申报书.doc,项目文档,1222144,项目文档\附件2：北京第二外国语学院大学生创新创业训练计划项目申报书.doc
附件3：大学生科研创新项目重要事项变更申请表.doc,项目文档,34304,项目文档\附件3：大学生科研创新项目重要事项变更申请表.doc
面向中国中小服饰卖家的沙特出海智能助手——基于规则增强知识库的合规、选品与营销原型.docx,项目文档,31037,项目文档\面向中国中小服饰卖家的沙特出海智能助手——基于规则增强知识库的合规、选品与营销原型.docx
